-- H2 Database Initialization Script (data.sql / import.sql for testing)
-- =======================================================
-- WARNING: These statements will drop and recreate tables,
--          and clear all data for a fresh start.
-- =======================================================

-- Drop tables in dependency order (reverse order of creation)
DROP TABLE IF EXISTS booked_seats;
DROP TABLE IF EXISTS ticket;
DROP TABLE IF EXISTS reservation;
DROP TABLE IF EXISTS shows;
DROP TABLE IF EXISTS movie;
DROP TABLE IF EXISTS seat;
DROP TABLE IF EXISTS theatre;
DROP TABLE IF EXISTS cinema_user;
DROP TABLE IF EXISTS cinema;
DROP TABLE IF EXISTS user; -- Added

-- Create Tables (Basic DDL assuming data types based on inserts)
CREATE TABLE IF NOT EXISTS cinema (
                                      id INT PRIMARY KEY,
                                      name VARCHAR(255) NOT NULL
    );

CREATE TABLE IF NOT EXISTS user ( -- Added
                                    id INT PRIMARY KEY,
                                    username VARCHAR(50) NOT NULL,
    email VARCHAR(255) UNIQUE
    );

CREATE TABLE IF NOT EXISTS cinema_user (
                                           cinema_id INT NOT NULL,
                                           user_id INT NOT NULL,
                                           PRIMARY KEY (cinema_id, user_id),
    FOREIGN KEY (cinema_id) REFERENCES cinema(id),
    FOREIGN KEY (user_id) REFERENCES user(id) -- Added FK reference
    );

CREATE TABLE IF NOT EXISTS theatre (
                                       id INT PRIMARY KEY,
                                       name VARCHAR(255) NOT NULL,
    cinema_id INT NOT NULL,
    FOREIGN KEY (cinema_id) REFERENCES cinema(id)
    );

CREATE TABLE IF NOT EXISTS seat (
                                    id INT PRIMARY KEY,
                                    seat_row INT NOT NULL,
                                    seat_number INT NOT NULL,
                                    theatre_id INT NOT NULL,
                                    FOREIGN KEY (theatre_id) REFERENCES theatre(id)
    );

CREATE TABLE IF NOT EXISTS movie (
                                     id INT PRIMARY KEY,
                                     title VARCHAR(255) NOT NULL,
    duration TIME NOT NULL,
    description VARCHAR(255),
    poster_image VARCHAR(512),
    category VARCHAR(50),
    age_limit INT
    );

CREATE TABLE IF NOT EXISTS shows (
                                     id INT PRIMARY KEY,
                                     show_time TIMESTAMP NOT NULL,
                                     theatre_id INT NOT NULL,
                                     movie_id INT NOT NULL,
                                     FOREIGN KEY (theatre_id) REFERENCES theatre(id),
    FOREIGN KEY (movie_id) REFERENCES movie(id)
    );

CREATE TABLE IF NOT EXISTS reservation (
                                           id INT PRIMARY KEY,
                                           time_of_purchase TIMESTAMP NOT NULL,
                                           phone_number INT,
                                           email VARCHAR(255),
    show_id INT NOT NULL,
    FOREIGN KEY (show_id) REFERENCES shows(id)
    );

CREATE TABLE IF NOT EXISTS ticket (
                                      id INT PRIMARY KEY,
                                      reservation_id INT NOT NULL,
                                      FOREIGN KEY (reservation_id) REFERENCES reservation(id)
    );

CREATE TABLE IF NOT EXISTS booked_seats (
                                            id INT PRIMARY KEY,
                                            show_id INT NOT NULL,
                                            seat_id INT NOT NULL,
                                            ticket_id INT NOT NULL,
                                            FOREIGN KEY (show_id) REFERENCES shows(id),
    FOREIGN KEY (seat_id) REFERENCES seat(id),
    FOREIGN KEY (ticket_id) REFERENCES ticket(id)
    );

-- ========================
-- USERS 🧑‍💼
-- ========================
INSERT INTO user (id, username, email) VALUES
                                           (1, 'cph_manager_a', 'cph.mgr.a@cinema.dk'),
                                           (2, 'cph_staff_1', 'cph.stf.1@cinema.dk'),
                                           (3, 'aarhus_manager', 'aarhus.mgr@cinema.dk'),
                                           (4, 'odense_manager', 'odense.mgr@cinema.dk'),
                                           (5, 'odense_staff_1', 'odense.stf.1@cinema.dk'),
                                           (6, 'test_user_a', 'test.a@example.com'),
                                           (7, 'test_user_b', 'test.b@example.com'),
                                           (8, 'test_user_c', 'test.c@example.com'),
                                           (9, 'inactive_user', 'inactive@example.com'),
                                           (10, 'admin_user', 'system.admin@cinema.dk');

-- ========================
-- CINEMAS 🏢
-- ========================
INSERT INTO cinema (id, name) VALUES
                                  (1, 'Copenhagen Cinema'),
                                  (2, 'Aarhus Cinema'),
                                  (3, 'Odense Cinema');

-- Cinema - Users mapping
INSERT INTO cinema_user (cinema_id, user_id) VALUES
                                                 (1, 1), (1, 2), (2, 3), (3, 4), (3, 5);

-- ========================
-- THEATRES 🎬
-- ========================
INSERT INTO theatre (id, name, cinema_id) VALUES
                                              (1, 'Copenhagen Hall 1', 1),
                                              (2, 'Copenhagen Hall 2', 1),
                                              (3, 'Aarhus Hall A', 2),
                                              (4, 'Aarhus Hall B', 2),
                                              (5, 'Odense Big Screen', 3);

-- ========================
-- SEATS (Copenhagen Cinema) 💺
-- ========================

-- Copenhagen Hall 1 (20 rows × 12 seats = 240 seats)
INSERT INTO seat (id, seat_row, seat_number, theatre_id) VALUES
                                                             (1,1,1,1),(2,1,2,1),(3,1,3,1),(4,1,4,1),(5,1,5,1),(6,1,6,1),(7,1,7,1),(8,1,8,1),(9,1,9,1),(10,1,10,1),(11,1,11,1),(12,1,12,1),
                                                             (13,2,1,1),(14,2,2,1),(15,2,3,1),(16,2,4,1),(17,2,5,1),(18,2,6,1),(19,2,7,1),(20,2,8,1),(21,2,9,1),(22,2,10,1),(23,2,11,1),(24,2,12,1),
                                                             (25,3,1,1),(26,3,2,1),(27,3,3,1),(28,3,4,1),(29,3,5,1),(30,3,6,1),(31,3,7,1),(32,3,8,1),(33,3,9,1),(34,3,10,1),(35,3,11,1),(36,3,12,1),
                                                             (37,4,1,1),(38,4,2,1),(39,4,3,1),(40,4,4,1),(41,4,5,1),(42,4,6,1),(43,4,7,1),(44,4,8,1),(45,4,9,1),(46,4,10,1),(47,4,11,1),(48,4,12,1),
                                                             (49,5,1,1),(50,5,2,1),(51,5,3,1),(52,5,4,1),(53,5,5,1),(54,5,6,1),(55,5,7,1),(56,5,8,1),(57,5,9,1),(58,5,10,1),(59,5,11,1),(60,5,12,1),
                                                             (61,6,1,1),(62,6,2,1),(63,6,3,1),(64,6,4,1),(65,6,5,1),(66,6,6,1),(67,6,7,1),(68,6,8,1),(69,6,9,1),(70,6,10,1),(71,6,11,1),(72,6,12,1),
                                                             (73,7,1,1),(74,7,2,1),(75,7,3,1),(76,7,4,1),(77,7,5,1),(78,7,6,1),(79,7,7,1),(80,7,8,1),(81,7,9,1),(82,7,10,1),(83,7,11,1),(84,7,12,1),
                                                             (85,8,1,1),(86,8,2,1),(87,8,3,1),(88,8,4,1),(89,8,5,1),(90,8,6,1),(91,8,7,1),(92,8,8,1),(93,8,9,1),(94,8,10,1),(95,8,11,1),(96,8,12,1),
                                                             (97,9,1,1),(98,9,2,1),(99,9,3,1),(100,9,4,1),(101,9,5,1),(102,9,6,1),(103,9,7,1),(104,9,8,1),(105,9,9,1),(106,9,10,1),(107,9,11,1),(108,9,12,1),
                                                             (109,10,1,1),(110,10,2,1),(111,10,3,1),(112,10,4,1),(113,10,5,1),(114,10,6,1),(115,10,7,1),(116,10,8,1),(117,10,9,1),(118,10,10,1),(119,10,11,1),(120,10,12,1),
                                                             (121,11,1,1),(122,11,2,1),(123,11,3,1),(124,11,4,1),(125,11,5,1),(126,11,6,1),(127,11,7,1),(128,11,8,1),(129,11,9,1),(130,11,10,1),(131,11,11,1),(132,11,12,1),
                                                             (133,12,1,1),(134,12,2,1),(135,12,3,1),(136,12,4,1),(137,12,5,1),(138,12,6,1),(139,12,7,1),(140,12,8,1),(141,12,9,1),(142,12,10,1),(143,12,11,1),(144,12,12,1),
                                                             (145,13,1,1),(146,13,2,1),(147,13,3,1),(148,13,4,1),(149,13,5,1),(150,13,6,1),(151,13,7,1),(152,13,8,1),(153,13,9,1),(154,13,10,1),(155,13,11,1),(156,13,12,1),
                                                             (157,14,1,1),(158,14,2,1),(159,14,3,1),(160,14,4,1),(161,14,5,1),(162,14,6,1),(163,14,7,1),(164,14,8,1),(165,14,9,1),(166,14,10,1),(167,14,11,1),(168,14,12,1),
                                                             (169,15,1,1),(170,15,2,1),(171,15,3,1),(172,15,4,1),(173,15,5,1),(174,15,6,1),(175,15,7,1),(176,15,8,1),(177,15,9,1),(178,15,10,1),(179,15,11,1),(180,15,12,1),
                                                             (181,16,1,1),(182,16,2,1),(183,16,3,1),(184,16,4,1),(185,16,5,1),(186,16,6,1),(187,16,7,1),(188,16,8,1),(189,16,9,1),(190,16,10,1),(191,16,11,1),(192,16,12,1),
                                                             (193,17,1,1),(194,17,2,1),(195,17,3,1),(196,17,4,1),(197,17,5,1),(198,17,6,1),(199,17,7,1),(200,17,8,1),(201,17,9,1),(202,17,10,1),(203,17,11,1),(204,17,12,1),
                                                             (205,18,1,1),(206,18,2,1),(207,18,3,1),(208,18,4,1),(209,18,5,1),(210,18,6,1),(211,18,7,1),(212,18,8,1),(213,18,9,1),(214,18,10,1),(215,18,11,1),(216,18,12,1),
                                                             (217,19,1,1),(218,19,2,1),(219,19,3,1),(220,19,4,1),(221,19,5,1),(222,19,6,1),(223,19,7,1),(224,19,8,1),(225,19,9,1),(226,19,10,1),(227,19,11,1),(228,19,12,1),
                                                             (229,20,1,1),(230,20,2,1),(231,20,3,1),(232,20,4,1),(233,20,5,1),(234,20,6,1),(235,20,7,1),(236,20,8,1),(237,20,9,1),(238,20,10,1),(239,20,11,1),(240,20,12,1);

-- Copenhagen Hall 2 (25 rows × 16 seats = 400 seats)
INSERT INTO seat (id, seat_row, seat_number, theatre_id) VALUES
                                                             (241,1,1,2),(242,1,2,2),(243,1,3,2),(244,1,4,2),(245,1,5,2),(246,1,6,2),(247,1,7,2),(248,1,8,2),(249,1,9,2),(250,1,10,2),(251,1,11,2),(252,1,12,2),(253,1,13,2),(254,1,14,2),(255,1,15,2),(256,1,16,2),
                                                             (257,2,1,2),(258,2,2,2),(259,2,3,2),(260,2,4,2),(261,2,5,2),(262,2,6,2),(263,2,7,2),(264,2,8,2),(265,2,9,2),(266,2,10,2),(267,2,11,2),(268,2,12,2),(269,2,13,2),(270,2,14,2),(271,2,15,2),(272,2,16,2),
                                                             (273,3,1,2),(274,3,2,2),(275,3,3,2),(276,3,4,2),(277,3,5,2),(278,3,6,2),(279,3,7,2),(280,3,8,2),(281,3,9,2),(282,3,10,2),(283,3,11,2),(284,3,12,2),(285,3,13,2),(286,3,14,2),(287,3,15,2),(288,3,16,2),
                                                             (289,4,1,2),(290,4,2,2),(291,4,3,2),(292,4,4,2),(293,4,5,2),(294,4,6,2),(295,4,7,2),(296,4,8,2),(297,4,9,2),(298,4,10,2),(299,4,11,2),(300,4,12,2),(301,4,13,2),(302,4,14,2),(303,4,15,2),(304,4,16,2),
                                                             (305,5,1,2),(306,5,2,2),(307,5,3,2),(308,5,4,2),(309,5,5,2),(310,5,6,2),(311,5,7,2),(312,5,8,2),(313,5,9,2),(314,5,10,2),(315,5,11,2),(316,5,12,2),(317,5,13,2),(318,5,14,2),(319,5,15,2),(320,5,16,2),
                                                             (321,6,1,2),(322,6,2,2),(323,6,3,2),(324,6,4,2),(325,6,5,2),(326,6,6,2),(327,6,7,2),(328,6,8,2),(329,6,9,2),(330,6,10,2),(331,6,11,2),(332,6,12,2),(333,6,13,2),(334,6,14,2),(335,6,15,2),(336,6,16,2),
                                                             (337,7,1,2),(338,7,2,2),(339,7,3,2),(340,7,4,2),(341,7,5,2),(342,7,6,2),(343,7,7,2),(344,7,8,2),(345,7,9,2),(346,7,10,2),(347,7,11,2),(348,7,12,2),(349,7,13,2),(350,7,14,2),(351,7,15,2),(352,7,16,2),
                                                             (353,8,1,2),(354,8,2,2),(355,8,3,2),(356,8,4,2),(357,8,5,2),(358,8,6,2),(359,8,7,2),(360,8,8,2),(361,8,9,2),(362,8,10,2),(363,8,11,2),(364,8,12,2),(365,8,13,2),(366,8,14,2),(367,8,15,2),(368,8,16,2),
                                                             (369,9,1,2),(370,9,2,2),(371,9,3,2),(372,9,4,2),(373,9,5,2),(374,9,6,2),(375,9,7,2),(376,9,8,2),(377,9,9,2),(378,9,10,2),(379,9,11,2),(380,9,12,2),(381,9,13,2),(382,9,14,2),(383,9,15,2),(384,9,16,2),
                                                             (385,10,1,2),(386,10,2,2),(387,10,3,2),(388,10,4,2),(389,10,5,2),(390,10,6,2),(391,10,7,2),(392,10,8,2),(393,10,9,2),(394,10,10,2),(395,10,11,2),(396,10,12,2),(397,10,13,2),(398,10,14,2),(399,10,15,2),(400,10,16,2),
                                                             (401,11,1,2),(402,11,2,2),(403,11,3,2),(404,11,4,2),(405,11,5,2),(406,11,6,2),(407,11,7,2),(408,11,8,2),(409,11,9,2),(410,11,10,2),(411,11,11,2),(412,11,12,2),(413,11,13,2),(414,11,14,2),(415,11,15,2),(416,11,16,2),
                                                             (417,12,1,2),(418,12,2,2),(419,12,3,2),(420,12,4,2),(421,12,5,2),(422,12,6,2),(423,12,7,2),(424,12,8,2),(425,12,9,2),(426,12,10,2),(427,12,11,2),(428,12,12,2),(429,12,13,2),(430,12,14,2),(431,12,15,2),(432,12,16,2),
                                                             (433,13,1,2),(434,13,2,2),(435,13,3,2),(436,13,4,2),(437,13,5,2),(438,13,6,2),(439,13,7,2),(440,13,8,2),(441,13,9,2),(442,13,10,2),(443,13,11,2),(444,13,12,2),(445,13,13,2),(446,13,14,2),(447,13,15,2),(448,13,16,2),
                                                             (449,14,1,2),(450,14,2,2),(451,14,3,2),(452,14,4,2),(453,14,5,2),(454,14,6,2),(455,14,7,2),(456,14,8,2),(457,14,9,2),(458,14,10,2),(459,14,11,2),(460,14,12,2),(461,14,13,2),(462,14,14,2),(463,14,15,2),(464,14,16,2),
                                                             (465,15,1,2),(466,15,2,2),(467,15,3,2),(468,15,4,2),(469,15,5,2),(470,15,6,2),(471,15,7,2),(472,15,8,2),(473,15,9,2),(474,15,10,2),(475,15,11,2),(476,15,12,2),(477,15,13,2),(478,15,14,2),(479,15,15,2),(480,15,16,2),
                                                             (481,16,1,2),(482,16,2,2),(483,16,3,2),(484,16,4,2),(485,16,5,2),(486,16,6,2),(487,16,7,2),(488,16,8,2),(489,16,9,2),(490,16,10,2),(491,16,11,2),(492,16,12,2),(493,16,13,2),(494,16,14,2),(495,16,15,2),(496,16,16,2),
                                                             (497,17,1,2),(498,17,2,2),(499,17,3,2),(500,17,4,2),(501,17,5,2),(502,17,6,2),(503,17,7,2),(504,17,8,2),(505,17,9,2),(506,17,10,2),(507,17,11,2),(508,17,12,2),(509,17,13,2),(510,17,14,2),(511,17,15,2),(512,17,16,2),
                                                             (513,18,1,2),(514,18,2,2),(515,18,3,2),(516,18,4,2),(517,18,5,2),(518,18,6,2),(519,18,7,2),(520,18,8,2),(521,18,9,2),(522,18,10,2),(523,18,11,2),(524,18,12,2),(525,18,13,2),(526,18,14,2),(527,18,15,2),(528,18,16,2),
                                                             (529,19,1,2),(530,19,2,2),(531,19,3,2),(532,19,4,2),(533,19,5,2),(534,19,6,2),(535,19,7,2),(536,19,8,2),(537,19,9,2),(538,19,10,2),(539,19,11,2),(540,19,12,2),(541,19,13,2),(542,19,14,2),(543,19,15,2),(544,19,16,2),
                                                             (545,20,1,2),(546,20,2,2),(547,20,3,2),(548,20,4,2),(549,20,5,2),(550,20,6,2),(551,20,7,2),(552,20,8,2),(553,20,9,2),(554,20,10,2),(555,20,11,2),(556,20,12,2),(557,20,13,2),(558,20,14,2),(559,20,15,2),(560,20,16,2),
                                                             (561,21,1,2),(562,21,2,2),(563,21,3,2),(564,21,4,2),(565,21,5,2),(566,21,6,2),(567,21,7,2),(568,21,8,2),(569,21,9,2),(570,21,10,2),(571,21,11,2),(572,21,12,2),(573,21,13,2),(574,21,14,2),(575,21,15,2),(576,21,16,2),
                                                             (577,22,1,2),(578,22,2,2),(579,22,3,2),(580,22,4,2),(581,22,5,2),(582,22,6,2),(583,22,7,2),(584,22,8,2),(585,22,9,2),(586,22,10,2),(587,22,11,2),(588,22,12,2),(589,22,13,2),(590,22,14,2),(591,22,15,2),(592,22,16,2),
                                                             (593,23,1,2),(594,23,2,2),(595,23,3,2),(596,23,4,2),(597,23,5,2),(598,23,6,2),(599,23,7,2),(600,23,8,2),(601,23,9,2),(602,23,10,2),(603,23,11,2),(604,23,12,2),(605,23,13,2),(606,23,14,2),(607,23,15,2),(608,23,16,2),
                                                             (609,24,1,2),(610,24,2,2),(611,24,3,2),(612,24,4,2),(613,24,5,2),(614,24,6,2),(615,24,7,2),(616,24,8,2),(617,24,9,2),(618,24,10,2),(619,24,11,2),(620,24,12,2),(621,24,13,2),(622,24,14,2),(623,24,15,2),(624,24,16,2),
                                                             (625,25,1,2),(626,25,2,2),(627,25,3,2),(628,25,4,2),(629,25,5,2),(630,25,6,2),(631,25,7,2),(632,25,8,2),(633,25,9,2),(634,25,10,2),(635,25,11,2),(636,25,12,2),(637,25,13,2),(638,25,14,2),(639,25,15,2),(640,25,16,2);

-- ========================
-- OTHER CINEMAS (smaller demo seat maps)
-- ========================

-- Aarhus Hall A (20 seats demo)
INSERT INTO seat (id, seat_row, seat_number, theatre_id) VALUES
                                                             (641,1,1,3),(642,1,2,3),(643,1,3,3),(644,1,4,3),(645,1,5,3),
                                                             (646,2,1,3),(647,2,2,3),(648,2,3,3),(649,2,4,3),(650,2,5,3),
                                                             (651,3,1,3),(652,3,2,3),(653,3,3,3),(654,3,4,3),(655,3,5,3),
                                                             (656,4,1,3),(657,4,2,3),(658,4,3,3),(659,4,4,3),(660,4,5,3);

-- Odense Big Screen (10 seats demo)
INSERT INTO seat (id, seat_row, seat_number, theatre_id) VALUES
                                                             (661,1,1,5),(662,1,2,5),(663,1,3,5),(664,1,4,5),(665,1,5,5),
                                                             (666,2,1,5),(667,2,2,5),(668,2,3,5),(669,2,4,5),(670,2,5,5);

-- ========================
-- MOVIES 🎞️
-- ========================
INSERT INTO movie (id, title, duration, description, poster_image, category, age_limit) VALUES
                                                                                            (1, 'Inception', '02:28:00', 'A mind-bending thriller', 'https://m.media-amazon.com/images/M/MV5BMjAxMzY3NjcxNF5BMl5BanBnXkFtZTcwNTI5OTM0Mw@@._V1_.jpg', 'ACTION', 13),
                                                                                            (2, 'Finding Nemo', '01:40:00', 'Animated ocean adventure', 'https://m.media-amazon.com/images/I/51OObBWLwDL._UF894,1000_QL80_.jpg', 'FAMILY', 0),
                                                                                            (3, 'The Dark Knight', '02:32:00', 'Batman vs Joker', 'https://static.posters.cz/image/1300/198201.jpg', 'ACTION', 15),
                                                                                            (4, 'Interstellar', '02:49:00', 'Journey through space and time', 'https://cdn11.bigcommerce.com/s-yzgoj/images/stencil/1280x1280/products/2904140/5945296/MOVEB14245__04462.1679590992.jpg?c=2', 'SCIFI', 10),
                                                                                            (5, 'Frozen', '01:42:00', 'Disney musical fantasy', 'https://static.posters.cz/image/750/19238.jpg', 'FAMILY', 0);

-- ========================
-- SHOWS 📅
-- ========================
INSERT INTO shows (id, show_time, theatre_id, movie_id) VALUES
                                                            (1, '2025-10-02 19:30:00', 1, 1),
                                                            (2, '2025-10-02 15:00:00', 1, 2),
                                                            (3, '2025-10-03 20:00:00', 2, 3),
                                                            (4, '2025-10-03 18:00:00', 3, 4),
                                                            (5, '2025-10-04 14:00:00', 5, 5),
                                                            (6, '2025-10-04 21:00:00', 1, 3),
                                                            (7, '2025-10-05 16:00:00', 2, 4);

-- ========================
-- RESERVATIONS 🎫
-- ========================
INSERT INTO reservation (id, time_of_purchase, phone_number, email, show_id) VALUES
                                                                                 (1, '2025-10-01 10:00:00', 12345678, 'customer1@example.com', 1),
                                                                                 (2, '2025-10-01 11:30:00', 87654321, 'customer2@example.com', 2),
                                                                                 (3, '2025-10-01 12:00:00', 99887766, 'fanbat@example.com', 3);

-- ========================
-- TICKETS
-- ========================
INSERT INTO ticket (id, reservation_id) VALUES
                                            (1, 1), (2, 1),
                                            (3, 2),
                                            (4, 3), (5, 3);

-- ========================
-- BOOKED SEATS
-- ========================
INSERT INTO booked_seats (id, show_id, seat_id, ticket_id) VALUES
                                                               (1, 1, 2, 1),
                                                               (2, 1, 3, 2),
                                                               (3, 2, 14, 3),
                                                               (4, 3, 641, 4),
                                                               (5, 3, 642, 5);

-- ========================
-- H2 Sequence/Identity Reset (Optional, but good practice if IDs are generated)
-- ========================
ALTER TABLE user ALTER COLUMN id RESTART WITH 11;
ALTER TABLE cinema ALTER COLUMN id RESTART WITH 4;
ALTER TABLE theatre ALTER COLUMN id RESTART WITH 6;
ALTER TABLE seat ALTER COLUMN id RESTART WITH 671;
ALTER TABLE movie ALTER COLUMN id RESTART WITH 6;
ALTER TABLE shows ALTER COLUMN id RESTART WITH 8;
ALTER TABLE reservation ALTER COLUMN id RESTART WITH 4;
ALTER TABLE ticket ALTER COLUMN id RESTART WITH 6;
ALTER TABLE booked_seats ALTER COLUMN id RESTART WITH 6;